gene,f_stat,p_value
SHFM1,633.4696922763435,0.0
YWHAE,980.503770683624,0.0
AHCYL1,670.4949656231078,0.0
SLFN11,486.9687733901445,0.0
SMG6,1041.8508544299068,0.0
SNRPA,488.8130643989118,0.0
C7orf49,1483.2036060894459,0.0
PARP2,584.4118731333097,0.0
PCBP1,515.5323217328273,0.0
CAPZA1,499.8305314304134,0.0
OGG1,717.3194220565078,0.0
SUPT7L,483.51036384392455,0.0
PER1,512.7525035310865,0.0
PPP4R1,520.7458125099334,0.0
POLR2F,504.708509675782,0.0
SRSF12,909.9276864345619,0.0
MAPK1,919.482575025402,0.0
CCND2,529.1706045010806,0.0
PTBP1,729.9358055403097,0.0
HIRA,951.0049210231546,0.0
H2AFX,583.063389748763,0.0
HERC2,593.8946750046568,0.0
HFM1,914.7277365763032,0.0
NEIL2,695.6008868976368,0.0
MVP,649.3871801262134,0.0
NACC2,2049.1937034935386,0.0
NHEJ1,989.1706868047901,0.0
UBC,508.1375103207272,0.0
CCNB1,566.1838607083898,0.0
RB1,613.4306728987151,0.0
RUNX1,575.9375230790374,0.0
RREB1,617.4633867572912,0.0
TNKS,610.9629653255492,0.0
CRY2,536.1278841702244,0.0
CSNK1E,959.0409378438504,0.0
SMARCC2,1154.8100118250316,0.0
COPS8,586.7523636225113,0.0
TOP2B,598.4252537066315,0.0
CLASP2,3530.3375927630204,0.0
DDB2,1001.1032724829138,0.0
ASF1B,598.9300797249439,0.0
ASCC1,608.2723656369399,0.0
BAP1,616.5595117023862,0.0
WDR48,766.6615800799295,0.0
AR,477.7343338172773,0.0
CXorf57,804.6674725391482,0.0
TSC1,630.3646835238924,0.0
TRIM35,595.551653127411,0.0
FAN1,549.9955684524758,0.0
TGFBR2,686.8512003563009,0.0
TERF2IP,2174.11477839741,0.0
TERF2,2002.542272006233,0.0
GMFB,925.0685408078597,0.0
CIRBP,514.7073454548862,0.0
FAM35A,474.9853231903941,2e-323
NEK2,474.5151812049597,3.5e-323
TRAIP,473.6427468969423,1e-322
SMARCA4,465.55092124830696,2.92367e-318
SMARCC1,461.19843398972864,7.5797212e-316
HELQ,460.0653655940093,3.23110171e-315
SOD2,457.1104377466651,1.42611381446e-313
LRRK2,447.1066892897091,5.634192247429795e-308
BCL2,445.69491551263394,3.5010829488299565e-307
POLD1,435.5883758857784,1.7767439743734119e-301
NASP,432.18271092329866,1.5223945338453618e-299
POLR2C,431.2389074295366,5.237383241988256e-299
FOXN3,428.80163299704384,1.2783854422398793e-297
SMARCB1,426.4989224296634,2.6307640873223555e-296
TRIM37,424.46759295646467,3.808196593582228e-295
OBFC1,423.86481240538353,8.423491799498522e-295
MAPK14,416.6819017661302,1.1136789726905258e-290
RAD18,416.1736502997585,2.1841219636775113e-290
PARP4,415.581930706871,4.786119767121638e-290
POLK,413.68524761440966,5.931606184665665e-289
CNOT10,413.3171391343293,9.672359483186799e-289
EYA1,412.4840550482887,2.926631383134315e-288
TDP1,408.60670569677893,5.111464411600326e-286
GAR1,407.5532650519083,2.084211691214198e-285
ZWINT,405.7163699416977,2.4240694950343778e-284
KAT5,402.1609171525644,2.828964905480845e-282
CWC27,400.3479508102666,3.2207922346141954e-281
ERCC5,399.5140311531379,9.871325266940872e-281
ABCC1,399.2981517656466,1.319315332502355e-280
HINFP,393.2565077736238,4.517458698772182e-277
CABIN1,391.44677080796305,5.21262219168767e-276
TRIM28,387.91319104687784,6.24493976695211e-274
PFN1,383.00623005896426,4.919159125016929e-271
RAD1,382.57642439417117,8.833768818096938e-271
FLCN,379.5218171140334,5.698156056578093e-269
FAM175A,378.3671293226628,2.760456219159186e-268
UBE2B,376.5163086654024,3.4731023327968604e-267
DAZAP1,375.9334857560011,7.715691784594994e-267
CCNB2,375.5581002023129,1.2904450098298786e-266
RNASEH2A,374.63490941688417,4.5746743888237e-266
CDK7,371.0975752023297,5.891529385309791e-264
ABL1,365.057695443124,2.4389891302457154e-260
TP53,362.4270449165364,9.296350155101486e-259
CHEK2,361.5028482823626,3.3466798512334067e-258
RPAIN,359.4787950233645,5.5522160487668624e-257
ESR1,358.806866086109,1.4121588185434035e-256
SMARCA2,357.35947533431755,1.0567380535894175e-255
POLG,356.370963427493,4.1835726235210087e-255
CDC25C,353.9650441433128,1.1969474435722478e-253
RASSF7,353.5457682285172,2.1488482392294508e-253
ASF1A,352.18779474049524,1.4319183125917824e-252
SOX9,349.3098524456711,8.030586996457006e-251
XPA,347.88315201857966,5.933256148052025e-250
RUVBL2,347.7827977744787,6.83008975103693e-250
ORC6,347.4494582673408,1.0902499250830288e-249
COPS7B,347.19586596379696,1.5562356615390692e-249
ANKRD44,346.81964384304547,2.638892575774812e-249
PIF1,341.3778760796316,5.584607205554512e-246
PMS2,340.5081308842111,1.9052271670603266e-245
BRE,340.34483518527554,2.399130236300295e-245
RAD23B,339.89387797545123,4.5350505992086764e-245
FANCD2,339.8097132854702,5.1074487204262955e-245
RNF8,338.9638071704901,1.6874934897833142e-244
RAD51,337.0314271618962,2.596225094737921e-243
POT1,336.55285517595064,5.11261836182349e-243
POLE,334.34331693601047,1.1721562087260458e-241
CCNA1,332.5961317264227,1.4012181115041706e-240
NPM1,331.29141861097855,8.95787815799957e-240
ING4,331.2881289777204,8.999901266485255e-240
NUDT15,330.907849680076,1.5461196738425096e-239
CNOT3,330.1360295383482,4.639280876300819e-239
TAOK2,329.3808770098826,1.3603825076369729e-238
ELAVL1,328.58993363466595,4.200900328038306e-238
PIAS3,327.1236778528616,3.404113350311691e-237
RPS27L,326.93278673478414,4.4708196431914284e-237
PPIL1,325.67344517658194,2.7031628981222674e-236
CXXC1,324.8199748721586,9.161766552792049e-236
SF3A2,322.5863678360623,2.244798241180215e-234
KDM1A,322.3531845086565,3.135897789965461e-234
CHTF18,321.29873169432193,1.4231581945937428e-233
UBE2C,321.24846363815726,1.5296204197280017e-233
ACTR1A,321.1497832629574,1.7623494556101213e-233
CUL4B,320.84616600310574,2.7250377725001955e-233
POLR2H,320.79601153104,2.9284954290807415e-233
GTF2F1,320.6694043898972,3.5123030050078642e-233
RUVBL1,320.64360556970195,3.6448546307127546e-233
CHERP,320.42495032739123,4.989406928565175e-233
OTUB1,314.45936773846927,2.683262392652365e-229
DOT1L,314.1948936012493,3.931014327683729e-229
MLH1,313.21368384803213,1.6222550600481993e-228
CDC25A,312.11320650626493,7.965131767407372e-228
UBE2T,310.26363502939273,1.1592714635482824e-226
ACD,309.2038755195414,5.387704134473307e-226
CALM3,308.7050878769952,1.1108436691195117e-225
C17orf53,306.31885415114425,3.555933096213852e-224
DLGAP5,305.60555831781943,1.0035405147595706e-223
WRAP53,303.55788403922816,1.9797315523835503e-222
RAD50,302.6963884250143,6.952937358652646e-222
SMC4,301.9536952980915,2.055084823396934e-221
BCL3,300.5023967925156,1.711765414130615e-220
LRWD1,298.76256103416887,2.1809769517444922e-219
RBM38,297.9816834816948,6.843021678496004e-219
APEX2,297.2931236447937,1.8768148234238503e-218
SFR1,294.9078226380139,6.214599629696652e-217
PNKP,294.5378226735204,1.0702333213180435e-216
SMARCD1,293.9820771488006,2.422135202743466e-216
CDK2,293.15213470837375,8.208414963720816e-216
FANCC,288.87557844086587,4.4854979261891825e-213
PARP1,288.83205245655216,4.783290860657216e-213
KIF4A,288.07985248658605,1.4532319606070738e-212
UBE2V1,285.4810894061943,6.795101607589142e-211
CSNK2A2,284.13106161355734,5.0258342599985516e-210
KAT2A,282.629703277493,4.665209447647265e-209
RNF111,282.31656378006437,7.427833925710141e-209
PPP6R2,282.28929657761665,7.734880785175323e-209
MTA2,281.9977131867721,1.1928770818370046e-208
TONSL,281.4266969975653,2.7872947880704635e-208
UBE2NL,279.06557268701584,9.360283943727887e-207
RRM1,279.0347277570228,9.800473942068738e-207
KPNA2,278.1399193386883,3.719378518984455e-206
CCND1,277.3003020209918,1.3013486310027656e-205
RRM2B,277.005150664081,2.021610821537733e-205
LIG3,276.5997990659517,3.702640571160462e-205
RECQL,275.82393192649664,1.1798373712737508e-204
BAZ1A,272.80819576194614,1.0752646844325838e-202
CDK10,272.69604024122026,1.2720377338699988e-202
TCEB3,270.4430150893982,3.734395594892953e-201
POLA2,269.93182809976474,8.04727433210944e-201
TIMELESS,269.52100813811285,1.4918460298868942e-200
BRD7,268.3410049314233,8.795845221114576e-200
PPARG,267.8544617344986,1.829095180570273e-199
SIRT6,267.7282150667733,2.2118835624894653e-199
TAF3,267.65242526831236,2.4791894813439e-199
LIG1,267.20643920502187,4.852234379839168e-199
RAD51D,267.1845672960643,5.014723015177993e-199
PDS5A,263.45962658529845,1.3825876770935303e-196
TOP1,262.59220916604204,5.130825394727347e-196
TDP2,262.283997844728,8.178042305719898e-196
USP7,261.532937477506,2.5483305018390294e-195
NBN,261.1065391607549,4.8600573432298804e-195
ATF2,260.9078325930658,6.56661888039527e-195
AMN1,260.7385577683538,8.485982200632718e-195
PER3,259.58827247571077,4.8517123481773823e-194
SIN3B,258.8904936264131,1.3983262018302356e-193
SGOL1,258.45385525012824,2.7128531056372486e-193
GPS1,257.9443059580385,5.880992821400457e-193
COPS2,257.15326615026027,1.9562175885726777e-192
RMI2,257.06747845358353,2.228675742502685e-192
KIF18A,256.8002948880525,3.3453946377706294e-192
TTK,256.33379647143397,6.8005478661804175e-192
RAD54L,255.602324346179,2.0697008080533094e-191
WDHD1,253.33480256093446,6.552095645611467e-190
POLE2,252.52476516608317,2.2550840452333813e-189
PPP4C,252.13289715382058,4.101887048709365e-189
MCRS1,251.7388172581879,7.488005024000594e-189
PAXIP1,251.06509269750222,2.0962828419461627e-188
RFC1,249.9640067026508,1.1290961855026214e-187
TAOK1,249.63167240201764,1.877568038021164e-187
FANCI,248.05816501093142,2.0905020197646766e-186
CHAF1A,247.1781940280429,8.05841998368699e-186
ATM,247.13144557876615,8.657539733510497e-186
H2AFZ,245.52000758097452,1.0275154475680401e-184
PARPBP,244.84698550831067,2.890605505295849e-184
TDG,244.82297146855782,2.9993137740252953e-184
RECQL4,244.25574463096714,7.175257621620608e-184
GTF2H1,244.09112653471746,9.243004088427808e-184
CHRAC1,243.28760669109593,3.183162986792662e-183
UBA1,242.8255623951003,6.48419150981104e-183
PALB2,242.66683385583596,8.280144298142739e-183
ATRIP,242.551969901001,9.882945247770518e-183
ACTL6A,240.38317139913227,2.8018420323351876e-181
ZNF207,239.86741819319644,6.213028824005524e-181
WWOX,238.8916481816249,2.8060962112094978e-180
CPSF4,238.68539511699657,3.859997304296923e-180
SNRNP40,238.04435711473607,1.0403262713159038e-179
TSC2,237.6975715411451,1.7791462801419854e-179
MND1,237.47501621593688,2.5107882628474938e-179
SMC3,237.04973597177667,4.850248054124048e-179
POLR2I,236.3915814622454,1.3443877299194795e-178
XPC,235.83470172431169,3.1868954750137384e-178
EXO1,235.41738865859435,6.086886149137921e-178
NONO,235.21930939186058,8.276074660863805e-178
CHTF8,234.5726209832492,2.257440153784761e-177
FZR1,233.29566115364474,1.6402654349402707e-176
NFKBIA,232.67401733491292,4.311032910078468e-176
TEP1,232.46323741690586,5.98319284927095e-176
POLR2E,232.28311113433597,7.917806410679148e-176
POLH,232.11319720126625,1.0313294065148382e-175
REV3L,232.07283387358376,1.0981691659594948e-175
LEO1,232.0121248952077,1.2069513401721937e-175
ANAPC2,231.44282635754791,2.9273437665286684e-175
THOC6,231.40589213219496,3.1005902033555285e-175
PER2,228.57118916544061,2.5735717881725947e-173
DMAP1,227.95732119863308,6.7112054705221e-173
SART1,227.50204474777223,1.3667201423871013e-172
PITPNM1,227.48716096898082,1.3988773233453182e-172
CCNA2,226.12320894892795,1.1801892385998157e-171
BCL2L1,226.028222609792,1.369289374456143e-171
MORF4L1,225.1597875570857,5.331742462842923e-171
RAD21,224.8390731481813,8.810850764417368e-171
ERCC8,224.25472991820521,2.2011828398190345e-170
UBR5,222.82729618316816,2.0650614997057357e-169
PPP1CA,222.73556153029483,2.3848539363034007e-169
APITD1,222.01108657748534,7.438313823851119e-169
TRIP13,221.38140997938535,2.0004192674639406e-168
COPS4,220.81487870248364,4.874176430667768e-168
MUTYH,220.14650022113253,1.3947036555135755e-167
MSH6,219.1619277339904,6.57035310310102e-167
PCGF1,219.07297646571132,7.558430681135259e-167
AEN,217.94761591247402,4.4527304733353794e-166
BEND3,217.28330091892605,1.269608817733486e-165
ALKBH2,216.91552648275282,2.2683628191248676e-165
NCAPG,216.64899133643482,3.454849895439675e-165
GADD45G,215.80729447807855,1.3053857506364586e-164
C19orf40,215.7622893138875,1.4015881605031444e-164
BMPR2,215.43028119900453,2.3685254603838e-164
SOX4,215.036096161952,4.41673726945031e-164
XRCC1,214.87979701395892,5.655034601348957e-164
PLRG1,214.7147642860341,7.341484314741508e-164
XRCC3,214.5904659668858,8.936487796839036e-164
MUS81,213.36496241802257,6.216310015332825e-163
MSH3,213.1657220234275,8.522684470660959e-163
FEN1,213.10438878973008,9.392226843591263e-163
POLL,212.14664659532625,4.284861133339399e-162
PPP6C,211.93382434790774,6.004739656465847e-162
FANCF,211.80140410357805,7.407963424831978e-162
NAA50,211.5182044969631,1.1608919655906083e-161
SWSAP1,210.56873874166905,5.239069619035672e-161
WDR83,210.56560462841793,5.265207429173987e-161
POLQ,210.03562174960376,1.2217725850488297e-160
STAG2,209.51520524069497,2.7934913697709615e-160
CDCA5,209.13509838871906,5.111933493429064e-160
ERCC4,208.54125030262114,1.3145843550210084e-159
DNMT1,208.0342473477772,2.9456976576816964e-159
PDS5B,208.02034005047824,3.0116339229526533e-159
ERCC3,207.5587718145683,6.279914684995736e-159
MBD4,206.85347421206072,1.9315483794952866e-158
GATAD1,206.40382384937382,3.955156379681643e-158
CDYL,205.64924426329839,1.3176595445292724e-157
PUF60,204.99232740053836,3.759312514471462e-157
ORC2,204.95873400532716,3.966427828194916e-157
GTF2H3,204.40792944396367,9.558580199887121e-157
C20orf196,204.24348878721906,1.2430125877234104e-156
EPC1,203.62638654091495,3.332397978721539e-156
CBX1,203.61774503746562,3.37874991789047e-156
ETAA1,201.8758725095882,5.483233831103452e-155
CCND3,201.28288991336245,1.4174737844890973e-154
RFWD3,201.25321086052688,1.4865036256105975e-154
RFC3,200.07869010404906,9.769745464153974e-154
HNRNPU,197.77562119445582,3.944671794135328e-152
WEE1,195.10040847890693,2.9253147897020907e-150
PCNA,194.55052398170156,7.098761922817383e-150
UIMC1,194.3316988814009,1.0103074758089392e-149
NPHP1,193.87350521082914,2.11587638027471e-149
MEN1,193.82327473899167,2.294527856316793e-149
SETMAR,193.68200423317313,2.8821011915874113e-149
SMEK2,193.30577706305297,5.290194011992964e-149
PRPF19,192.99556141233515,8.730271790570842e-149
RRM2,192.46867745927145,2.0449622249060028e-148
STAG1,190.7165559815259,3.4779599550309026e-147
POLR2D,190.5538836285014,4.525718687938012e-147
SUPT3H,189.82075722123224,1.4836110501954963e-146
ESCO2,189.36773511803923,3.0912218983192114e-146
TADA3,189.1828523298165,4.1713847106595355e-146
MAU2,188.742291263983,8.521425698075076e-146
POLA1,188.2130518357798,2.0107861295439935e-145
RAD52,186.928767755828,1.6179197206768528e-144
PARP3,185.67939472808985,1.2331712903808274e-143
TINF2,185.3428831141959,2.1320015725008746e-143
DKC1,184.63870407270934,6.707840538271722e-143
MPHOSPH8,184.12682060999512,1.5440339777408806e-142
SMARCAL1,183.59573411736895,3.668648558147329e-142
ZSWIM7,180.80662462763254,3.479965085010782e-140
CCAR1,179.7153666990092,2.072967537752817e-139
RNASEH2C,179.69290073186738,2.150585444783202e-139
MCM8,177.86240916308995,4.310046063643596e-138
MGMT,177.43210678154745,8.727154915202436e-138
MAD2L2,177.00726636276863,1.7518701014769472e-137
PPP4R4,176.07083891668586,8.147064101007644e-137
RAD17,175.93634295686692,1.0160673606753535e-136
BCL2L11,175.87111532863065,1.1309590316156232e-136
CCNH,175.11867478137407,3.8935939594585755e-136
THRAP3,174.3885728743979,1.2932912929002626e-135
XRCC5,174.0883738015806,2.1191877114997682e-135
FANCA,174.00084084534532,2.447474207773633e-135
SMAD4,173.6206379066158,4.575765523300815e-135
POLI,173.28526863026565,7.947854413024947e-135
BRCC3,172.27823914217183,4.1758581346804805e-134
NHP2,172.24581949804323,4.405070269700613e-134
CCNO,171.92467582434173,7.4796084101027935e-134
XRCC4,170.70639121410508,5.581968455912157e-133
NOP10,169.9739397077288,1.8711178546230303e-132
TP73,169.53682518412245,3.8528431087267196e-132
METAP2,168.3382249666483,2.796495541969461e-131
DHX9,166.01754003918444,1.306904187747042e-129
MCM6,165.2951202822107,4.332912594977227e-129
PDCD10,164.47115594212534,1.7019270767923725e-128
INO80,164.1778898754138,2.770339326685276e-128
PIH1D1,163.66479949489445,6.499462833490126e-128
USP37,163.4782629572142,8.862678684591405e-128
ACTR8,162.43308551215918,5.0430429776488214e-127
CRY1,162.41751697631537,5.175433072072165e-127
YBX1,162.05871111410067,9.40513781884068e-127
RDM1,161.4840960063217,2.4491110842052374e-126
HMGB2,160.6383263594696,1.002821285235211e-125
DNTTIP1,160.54456912814558,1.1725249856514801e-125
POLB,159.47171241185293,7.023174446553401e-125
C9orf142,158.97940914674965,1.5978819108886752e-124
CCNE1,157.68833184403346,1.3824568958180691e-123
CDKN2D,157.6098707442264,1.5763053583369467e-123
BLM,157.30809569352974,2.611384260206586e-123
GADD45A,156.9473369494282,4.7757118300629995e-123
TREX1,155.6319435857557,4.322675981905539e-122
PTEN,154.10944754663336,5.554894092110779e-121
TP53BP1,153.91360265863963,7.716924262087566e-121
BRIP1,152.9158684580653,4.1230287898787335e-120
XRN1,152.52876924364332,7.902651295910116e-120
FANCE,151.33143284000917,5.921682066732383e-119
TADA1,151.01123253227485,1.0151611020299092e-118
DNAJC8,150.7787127497551,1.5016588703547667e-118
SMARCA5,150.46974772522498,2.5268058122453166e-118
DAXX,150.40943302608304,2.7970410889020624e-118
ZNF451,150.11559079205244,4.588976376196163e-118
SIRT1,149.59134981716215,1.1104107157591334e-117
MYBBP1A,148.08576658718502,1.4085319035015082e-116
CDKN1A,148.00521342246046,1.613774518973164e-116
N6AMT1,147.8640024001639,2.0484055159928127e-116
CNOT1,147.84650452931461,2.109847222949807e-116
DSCC1,147.5107067233085,3.720574461161111e-116
CREB1,147.4775126384324,3.9352059893877764e-116
DHX35,147.45533493089198,4.085466877064726e-116
TIPRL,146.97052436518035,9.270253975755778e-116
IDH1,146.72001685113884,1.4158978706412862e-115
TRIP12,146.09190602738232,4.096755361914706e-115
MCM10,145.2603409002971,1.6740017109746274e-114
DHX36,144.85745646843677,3.3122024128037816e-114
DDX42,144.3558590527897,7.749252361445e-114
RPA3,144.33278945055022,8.058274050492882e-114
ARID3A,144.2758799445532,8.874349519846056e-114
MCM9,144.2570796604216,9.161721277896583e-114
HLTF,143.78230656358107,2.0492112535368206e-113
NAE1,143.02774749899734,7.371722337703741e-113
CLK2,142.56781158187343,1.6094311622422905e-112
DDX11,142.3952778990164,2.1573446030980177e-112
CLSPN,142.03168334180904,4.0008366643674657e-112
CCNC,141.43076147812235,1.1109135897092642e-111
SMC6,141.01762890403717,2.242656480019791e-111
PRKDC,141.01597888489553,2.2489587374685466e-111
FOXM1,140.77235269982805,3.4036922555904914e-111
ANKRD28,140.526272792615,5.173409424467608e-111
MRPL40,140.49539191696843,5.452525438136059e-111
COPS7A,140.35999531231326,6.86536647362428e-111
POLR2G,140.3595246103667,6.870868316607244e-111
PPP5C,139.3278481758816,3.980460122839931e-110
TOPBP1,139.1055330054637,5.81352322333501e-110
FANCG,138.90897415027212,8.126764028242075e-110
PIAS1,137.62502307732507,7.259690053369962e-109
PPP4R2,137.05304994012832,1.9273859741826946e-108
SLX4,136.39817249269262,5.899106441639745e-108
NPLOC4,135.92195196380072,1.3312863481671669e-107
NTHL1,135.85288115672716,1.4981491470521745e-107
DDB1,135.73249234438453,1.8405590334674168e-107
C17orf70,135.26550109505777,4.0908900227554643e-107
SMC5,135.05006397889807,5.914174143281209e-107
EYA3,134.92560454962498,7.317913128694087e-107
NSMCE2,134.83839214763816,8.495851622223614e-107
CIB1,133.7474420371776,5.502129279537978e-106
RAD54B,133.4808358604022,8.688388381339095e-106
TOP3B,133.26108335075654,1.2662507399629359e-105
PBRM1,133.0494099517903,1.820207532881354e-105
TADA2B,132.34785304732742,6.063282086246606e-105
SETX,131.36478384240908,3.2780982094757345e-104
STOML2,130.78220343352228,8.91875928531557e-104
YWHAG,130.39393495508483,1.7383935475947284e-103
TOP2A,129.6646044278464,6.094060283776774e-103
LIG4,129.64839987314485,6.266355408150353e-103
GRB2,129.51597759291604,7.869921144417488e-103
MLH3,129.50634259054382,8.001489942599957e-103
GTF2H4,128.79224000362373,2.7354923435120184e-102
SMARCAD1,128.78898109169984,2.750887103068538e-102
DNA2,128.47471407202556,4.7265458328075715e-102
XRCC2,127.76242588615932,1.6129242748157087e-101
TELO2,127.72859555620437,1.7097868171470035e-101
BABAM1,127.68203070100185,1.8527014004404445e-101
RNMT,127.26092439311103,3.829715072763387e-101
DBF4,127.17577063895311,4.435611843161727e-101
NDNL2,126.99272648451951,6.082572432312818e-101
FBXW7,126.98019964251962,6.215458042370428e-101
HES1,126.72014799075217,9.735234070533099e-101
CUL5,126.40334970779136,1.6819523078031414e-100
ATXN7L3,126.163124526782,2.5464449499818636e-100
XAB2,125.42927438973767,9.045845664898268e-100
SNAI2,124.93788708078678,2.114980983105104e-99
MTOR,122.91848135083356,6.968133229788592e-98
MSH2,122.63683644107496,1.1351527106151061e-97
KDM5A,122.32401139214451,1.952212369441544e-97
NAP1L4,122.16944463192812,2.552125412288903e-97
MRE11A,121.94310989724096,3.7787240120830853e-97
CENPO,121.90363605225534,4.046460666156298e-97
TFPT,121.73718673408874,5.400720155793269e-97
RAD51AP1,121.56424965277917,7.290168801793458e-97
PIAS2,120.92321077714107,2.2175845654957965e-96
NCAPD3,120.66935705536709,3.4458345746974944e-96
SLBP,120.07712857690696,9.639374741968679e-96
POLD2,119.83434721925232,1.4698480768720165e-95
PMS1,119.44854015196282,2.8742835492895294e-95
BRCA1,119.33817362316309,3.482329243660803e-95
CNOT7,118.1846237416804,2.591240187559986e-94
PIAS4,116.76313314388923,3.083399270182351e-93
BAZ1B,116.64201930424997,3.80837067997297e-93
ASNA1,116.08739084996095,1.0019809964870012e-92
UBD,114.81335663955902,9.264575305923248e-92
GTF2H5,114.5583376129226,1.4465453302091395e-91
USP1,114.35611833568967,2.0597319433133596e-91
RFC4,114.24115240453466,2.518145590073092e-91
DDIT4L,114.13309667954094,3.0416896134323744e-91
TRA2B,113.46370541131229,9.806389278097269e-91
PPP2CA,112.2446757450536,8.284176059815175e-90
HAUS3,111.85569890001015,1.637592381904892e-89
BRD4,111.57565962056174,2.675160140677798e-89
PPP1CC,111.1626261199731,5.5186273347367034e-89
NCAPG2,109.55898582417873,9.206741409114105e-88
TREX2,108.88818040927731,2.9921729958293207e-87
RPRD1B,108.75816052171375,3.7604848389738512e-87
RPS6KA6,108.35954646147948,7.57929587479729e-87
DCPS,107.97864629293507,1.4811690866300393e-86
RAD51C,107.17305511754944,6.11485833124171e-86
YWHAB,106.94862806691532,9.078758346747705e-86
IP6K3,105.92231869892721,5.539210462995436e-85
GEN1,104.90883639537655,3.310334517999003e-84
HSPA8,104.71121887014533,4.692028583236163e-84
HMGB1,104.44826983854645,7.464126824413062e-84
COPS6,104.39896074777073,8.143165802818749e-84
VCP,104.0126338380716,1.6111180241929871e-83
BARD1,103.70926171256572,2.75368104245283e-83
RMI1,103.5344249872914,3.7506295532857445e-83
C1orf86,103.35167131925267,5.180803085146492e-83
NEIL3,103.17986593408362,7.019555987773627e-83
CDC25B,102.39998082766262,2.788703546320152e-82
FANCB,102.14741433198478,4.360364807319578e-82
XRCC6BP1,102.11848099265795,4.5894853574872736e-82
RAD9B,101.20568164711484,2.310886097988936e-81
SUZ12,101.12766390037761,2.6534513601590474e-81
CDC5L,101.12049052285424,2.687392487842282e-81
CDKN2A,101.02067700845342,3.2073222959772017e-81
HUS1,99.70124617778117,3.3285706158381263e-80
POLD4,99.19758298187928,8.137735611550255e-80
ATR,98.48578639493721,2.8809353400654395e-79
FIGNL1,98.4079971076184,3.3079525115189434e-79
ARID2,98.11513053264667,5.566623751295689e-79
PMS2P5,98.07434890786902,5.985112475612715e-79
POLR2J,96.76477603530283,6.147170181805393e-78
KANSL3,95.56618677252814,5.196985527753833e-77
TERF1,95.4431760518421,6.470862457470104e-77
PPP6R1,95.33637390270509,7.827754518830771e-77
UPF1,95.18916994942754,1.017658525938927e-76
HSF1,94.46760726988015,3.685407530480658e-76
HSP90AB1,94.23797837117405,5.551768910818628e-76
POLM,93.7942450617576,1.225780801457588e-75
XRCC6,93.45509337122469,2.246101939418643e-75
MAP2K7,92.97320991278002,5.312459241215351e-75
PLK3,92.04491995227967,2.7927374565741495e-74
RPA1,91.903649449597,3.595629292618055e-74
EREG,91.46659845413565,7.85952149351397e-74
RIF1,91.36043009183739,9.504298595783875e-74
MCPH1,91.3273226306216,1.0084541113376002e-73
PAPD7,90.98111029773445,1.874291160393962e-73
PINX1,90.72131577105117,2.9846360938618904e-73
STRA13,90.71106402008756,3.0399452933378356e-73
PPIE,89.94547416156362,1.1984602981750142e-72
HRAS,89.84367169122231,1.4383969267264825e-72
BRCA2,89.34041153857595,3.546491480030299e-72
NCAPD2,89.25040691772077,4.16785600184184e-72
CUL3,89.01999288239156,6.301377862722978e-72
APEX1,88.35482557031597,2.0793561152171785e-71
ERCC2,87.91480990043293,4.582627332723499e-71
THAP7,87.75458653172493,6.111079985373809e-71
FKBPL,87.03296135176022,2.235498594407801e-70
GATAD2A,86.86964282420226,2.998536176102375e-70
CSNK1D,86.39573308835098,7.032439241207922e-70
DCLRE1C,85.51186460452102,3.451671515757122e-69
JMJD6,84.93725312716394,9.7172824063087e-69
ENDOV,84.7594937441006,1.3386257387185596e-68
SETD2,84.46266643114657,2.2856674915903794e-68
SDCBP,84.21233354576542,3.5894424174650617e-68
ERCC6,83.88530944149078,6.473925220690987e-68
APLF,83.82531607848155,7.213843529532535e-68
HELB,83.65015394547962,9.89477965176641e-68
NSD1,83.05066334597025,2.9194085125170293e-67
RAD9A,82.69370344010264,5.5619010681448444e-67
PSMB6,82.22095967606525,1.306497508313485e-66
SCNM1,81.53374844670587,4.5245473880143305e-66
ACTB,81.47924018033602,4.993223337947413e-66
RAD23A,81.33920314360203,6.432272590687014e-66
ESCO1,81.23050324653575,7.82973459815922e-66
PRIM1,81.16390431697789,8.832111085991367e-66
REV1,80.3882308146896,3.594745253716677e-65
POLR2L,79.55925581991914,1.6132496681937888e-64
RNF169,79.51769030663442,1.7394413638513293e-64
TAF13,79.42929176612601,2.041624754670944e-64
POLR2B,78.68278496604344,7.901329899844362e-64
TYMS,77.80197896015596,3.9060737199781256e-63
NFRKB,76.72665101929911,2.753664139107983e-62
MSL1,76.39317699312598,5.0481385706551556e-62
TP63,76.27084005412097,6.30547588844023e-62
NFATC2IP,75.82465973379699,1.419338935335169e-61
SHPRH,74.86099092413518,8.197661619614816e-61
ARID1A,74.22379747586831,2.616311142347429e-60
UVRAG,73.79013985633831,5.766167611169836e-60
CHEK1,73.72360898173615,6.509588097432834e-60
BRMS1,73.31797929095853,1.3637359081571196e-59
MSH5,73.20934531774502,1.6625286451673989e-59
PPP6R3,72.9906376360768,2.47751463618125e-59
CDC6,72.84675783245922,3.2211456750609375e-59
ZNHIT1,72.80746917785982,3.4605186247279595e-59
EME1,72.1946086688516,1.0590360866022873e-58
NUDT1,71.72687247050713,2.4880336625540796e-58
SMARCE1,71.61144327223916,3.072037555483716e-58
POLR2K,71.57350445163019,3.2925004582197036e-58
ALKBH3,71.34033874893359,5.0412353000854395e-58
POLN,71.06003599031799,8.41411822123473e-58
FANCL,69.24815211718024,2.3153122864975367e-56
USP9X,69.18918506045034,2.579322200891905e-56
NUDT18,68.23544931677328,1.4804561755034908e-55
MMS19,68.18845919367932,1.6136330554786244e-55
APTX,67.35200704126497,7.48187966548442e-55
PSME3,67.05617723785954,1.2875522939541686e-54
RPA2,66.9650082850822,1.522067734682613e-54
RECQL5,66.9057285976562,1.697025405867006e-54
TCEA1,66.52866747682789,3.3909893986310726e-54
ENY2,66.05173547107813,8.142510546486936e-54
CCNB3,65.55311488666416,2.0355754520936542e-53
RAD51B,65.12451731933086,4.476042600408084e-53
UBE2V2,63.79215675396871,5.195702121229119e-52
DDX5,63.086296542889244,1.9068200957604598e-51
ALKBH1,62.83325615913127,3.039706616155379e-51
TAF11,62.41341570469846,6.591230780226595e-51
NEIL1,62.311820435111024,7.949275949453595e-51
SMC1A,62.12059604415323,1.1310695226047702e-50
ATRX,62.002242981248344,1.4070167386513427e-50
DMC1,61.269262137556254,5.4415732521918e-50
MPG,61.00978294374677,8.78576599499061e-50
BBC3,60.25103238535132,3.568367959999855e-49
EP300,60.143515867619485,4.35270861784268e-49
POLD3,59.99804550986455,5.695410970335382e-49
FANCM,59.32283329585981,1.984828976528939e-48
SOD1,58.178885890216854,1.6487278698580588e-47
UNG,57.856881859349,2.993242325277278e-47
ANKRD17,56.0448031789692,8.613171273502886e-46
HIST1H1C,55.93010809578666,1.0656121367436897e-45
OLA1,55.25311001959105,3.744755508599363e-45
DONSON,53.94062818723666,4.2917247970252564e-44
UBE2A,53.558633818163614,8.733057281346085e-44
SMC1B,53.05957464204867,2.2101701655017405e-43
WRN,52.79332412502004,3.627825301361824e-43
ASH2L,52.55138427971024,5.691986032095459e-43
HUWE1,52.393239844733365,7.64107139407006e-43
ATXN3,52.294699097407204,9.180227096767267e-43
ASCC3,51.80331339501275,2.2929587009184877e-42
FXR1,51.73442509781259,2.6070150815361952e-42
ZFYVE19,50.71771957375179,1.735134153677911e-41
MDC1,50.61619824278626,2.0968877407766218e-41
ELL,50.49569057876207,2.6254782099265856e-41
RTEL1,50.45482802563906,2.83346011916578e-41
RNF168,50.287055803979776,3.8749602658005305e-41
MNAT1,49.08465220937497,3.6579714551262296e-40
DCP2,49.043755783998044,3.948397278172852e-40
TCEB2,48.39085825913971,1.3375499050114415e-39
ATAD5,47.71436736000856,4.739039476262538e-39
BRD1,46.908365557827736,2.1414114982505294e-38
CDK12,46.271227939159274,7.060358809830098e-38
MMS22L,46.04229178104434,1.0841126366047523e-37
KANSL2,45.200186581052805,5.254045225693996e-37
MED1,45.178153330123884,5.475635721702105e-37
HAUS5,44.38916952767267,2.4049595331568e-36
LCMT1,44.3693461167371,2.4960944951845554e-36
GTF2H2,44.29703108972814,2.8588403283473586e-36
TERT,43.819469548634345,7.005630038683264e-36
RBX1,43.69464681559435,8.85557966075607e-36
EID3,43.20811370243676,2.2080214887356594e-35
MSH4,42.40950672788864,9.90081681185881e-35
ZRANB3,41.96011860747872,2.304500694227536e-34
SUMO3,41.48913632112287,5.588160321333063e-34
TLK2,41.453507266392094,5.9755328714162774e-34
UBB,41.11490133365911,1.1299307023442923e-33
MDM2,41.10151095900724,1.1587634003481789e-33
RNF4,40.44926924363813,3.955278629610826e-33
SMG7,40.12886981395363,7.23104188256737e-33
RNF113A,39.96660866637098,9.815807458105324e-33
GPATCH1,39.88023351652657,1.1550107361995773e-32
SAMHD1,39.52082244416207,2.2733238426570442e-32
NSMCE1,38.4115319543328,1.840181207874071e-31
POLE4,37.940447579106134,4.47508318362582e-31
COPS5,37.55986944863484,9.177041835278e-31
POLE3,37.52399978018512,9.819844002312381e-31
RPA4,37.28229031148083,1.5497188470893256e-30
BTG2,36.78174646720847,3.987598751105377e-30
RFC2,35.273007028315,6.900884242598012e-29
RPRD2,34.049759102766565,6.980112595467373e-28
IGF1,33.897571936605694,9.310143336640077e-28
ARID1B,32.43830717813612,1.4761858649265918e-26
TCEB1,31.88932444751156,4.178107299702473e-26
DYRK1A,31.005472681097256,2.2324847917182645e-25
SNRPB2,30.961423376639004,2.42701389332487e-25
ERCC1,30.343813945101704,7.832712571622239e-25
CTNNBL1,30.126843508352813,1.182277172233932e-24
POLG2,29.256120237929892,6.17353396832363e-24
CETN2,29.235342157726336,6.421962112808233e-24
TTI1,28.211534843053443,4.489244912804211e-23
RNASEH2B,27.504456070563744,1.7206995235078443e-22
PARG,27.474462290087917,1.8216417420136068e-22
INO80B,27.252562272429206,2.7774052406670694e-22
SRCAP,26.514533548556322,1.1298582161529406e-21
SMUG1,26.13486791463097,2.3259295811405548e-21
SETDB1,25.872125676933496,3.8338266265984976e-21
SUMO2,25.841063214525427,4.067176783308969e-21
SWI5,25.785387050983708,4.521554863662845e-21
ARPC4,25.258910055180177,1.2310393865509312e-20
FBXO18,25.14159687423341,1.5389029568867422e-20
TRIM33,24.399504805447112,6.317239832486566e-20
DCLRE1A,23.85734645965828,1.7730028191355118e-19
CELF1,22.009795314556516,5.977822688749485e-18
THOC1,21.984237845120973,6.275991211012499e-18
TTI2,21.557271352656414,1.4153091651614372e-17
UBA2,21.321945775048736,2.2157055947280522e-17
TIPIN,19.645846008215937,5.395871903073086e-16
PRPF39,18.750724657684277,2.9682983696648422e-15
CDK4,17.04184305758224,7.685314282272396e-14
TOP3A,17.035590521032542,7.777329115666761e-14
IGHMBP2,16.758602442442186,1.3176340403915982e-13
SMC2,16.452586706665127,2.358927048517354e-13
DUT,15.25157829848476,2.3165511776361428e-12
UBE2N,14.313766252737832,1.3766757650177746e-11
SRSF6,14.108822755492145,2.0317474408222447e-11
HUS1B,13.777538206228193,3.810863209444254e-11
POLR2A,13.60223363715539,5.315187129141836e-11
CNOT2,13.072473402196957,1.4519483511982236e-10
DCLRE1B,13.028497155731602,1.5782072095841996e-10
CUL4A,12.946136257720715,1.8449229155403912e-10
SUMO4,12.518410419264235,4.14957738199776e-10
CCNF,11.668271944204035,2.074035111213265e-09
EME2,11.345338872663254,3.818746808348291e-09
ACTR5,10.13423093673454,3.750408301843921e-08
CUL1,10.0811395424561,4.1446340725504004e-08
SRSF11,9.464259704907349,1.3219978235000384e-07
TFDP1,8.52900105013484,7.628882375196685e-07
ANKRD52,8.105915017498411,1.6812809491309144e-06
RFC5,7.701389528599785,3.572374659909022e-06
CTC1,7.655989524527808,3.8872131996763e-06
COPS3,7.551771125945058,4.718452074299303e-06
DNTT,6.762726622844397,2.0363407764668207e-05
NSMCE4A,6.431413697610262,3.751679509541616e-05
MDM4,5.3597288985335005,0.0002667202078828274
HIST1H1B,4.048867715584145,0.0028110964819932816
BCAS2,2.377255381992854,0.049784904302375296
CAPZB,2.2657415935187406,0.059782531951413205
RBBP8,2.054646212386954,0.08415399229538753
TNP1,2.0326456916994653,0.08717490969894803
SPO11,0.5357204912022966,0.7095073524847353
