,mean,std
ABCC1,9.915658537455052,11.257588932777027
ABL1,12.01277905657559,5.519802642060259
ACD,133.4708303742407,66.16191722670833
ACTB,2560.1075245901297,1349.8421667905354
ACTL6A,46.46619882525736,31.57450899134783
ACTR1A,99.53596340984078,42.42191772272653
ACTR5,10.28754136056548,4.538533495158152
ACTR8,28.786266100981873,10.838453260778834
AEN,60.28752656728518,37.790647438906255
AHCYL1,100.2720610782848,113.22297488590668
ALKBH1,6.1714077981108195,1.9509450786156708
ALKBH2,62.22446753128858,41.64152253346032
ALKBH3,8.343895919362616,4.0129167714704534
AMN1,3.528383994275861,2.5386266768651073
ANAPC2,59.53026626598293,28.723421218909984
ANKRD17,11.367166675334088,5.274050926655454
ANKRD28,5.700059558767035,4.323899707447499
ANKRD44,0.9285470407518795,1.0923954820631685
ANKRD52,67.75367075422395,35.30974755534049
APEX1,1187.7093146299349,553.4173121115053
APEX2,82.78218908366759,40.415540649158864
APITD1,5.524372026664948,3.329947298429395
APLF,0.4128611652166688,0.3053064556018761
APTX,10.426023629023833,4.394213008744115
AR,5.9202354380990485,10.216480964755085
ARID1A,29.165455217128947,14.423962325675861
ARID1B,3.7128116064670693,1.6604011264545069
ARID2,4.123170534182562,2.398637713458001
ARID3A,3.483537762093445,5.555568803806094
ARPC4,186.1809793979041,103.24312971579666
ASCC1,4.380413190025832,2.0514087384667774
ASCC3,2.7202294306306127,1.497085235324652
ASF1A,29.74472225873266,15.152236767695948
ASF1B,30.360233290997613,28.12253107989693
ASH2L,26.195146623997573,22.70246306354922
ASNA1,136.5458209074431,73.57705795743317
ATAD5,2.3216360087566845,2.829040516449497
ATF2,10.316803386131523,4.1673887786396575
ATM,6.903510957623631,5.767414497677441
ATR,4.868329457669973,2.5295688300170234
ATRIP,13.983905493800073,7.835654528749434
ATRX,5.363019537669228,3.4792500879667325
ATXN3,7.8555450203449055,4.018363956322126
ATXN7L3,175.59005299878942,65.29172230980954
BABAM1,103.42209034855054,53.55345654885074
BAP1,189.04884031395568,81.96539840459513
BARD1,1.1539103742945698,1.017264353816904
BAZ1A,9.235197184194513,6.889448476913812
BAZ1B,27.6102519025995,9.200437608091555
BBC3,21.68549202854317,18.234257986264193
BCAS2,41.84433559714211,18.1206872830647
BCL2,3.9230022968378213,5.196503188320025
BCL2L1,56.33090989879237,36.47853060456361
BCL2L11,14.858758019259746,8.074890460788007
BCL3,110.3310239654801,121.87032019232865
BEND3,3.6803533890639546,3.3859144440532876
BLM,2.067177542465225,1.9316991440134963
BMPR2,10.262005199324005,6.527752439187633
BRCA1,4.340454812062572,3.2019724414597057
BRCA2,1.9950029194117713,2.707481086634087
BRCC3,10.189007535736284,5.934055259233712
BRD1,14.821986123623425,5.305384862478006
BRD4,21.018794338681882,11.088246436470433
BRD7,9.783487798303657,3.3716531625590997
BRE,1.8744035512403512,1.0162276997872157
BRIP1,0.9011618296040285,0.840477959109305
BRMS1,141.27836994741446,106.38114947112567
BTG2,828.4240652374388,1011.8012065491909
C17orf53,5.979697382180225,4.96154040714454
C17orf70,69.62182375756443,34.47012294320932
C19orf40,9.913751901717298,8.04982394844884
C1orf86,25.567412443335883,22.651314263096108
C20orf196,0.9203435341265774,0.6271861992685899
C7orf49,7.207664271453335,4.6208347796882885
C9orf142,436.8022634575539,378.7468388870526
CABIN1,10.950792670318876,5.679152708965539
CALM3,634.9814156968426,419.03969225530415
CAPZA1,50.29939253610192,20.52230759657176
CAPZB,31.992400257208367,11.431189400659665
CBX1,44.740099602447906,24.068622956866626
CCAR1,17.49850394909047,6.2510290211672075
CCNA1,14.044834888903676,47.87544782718283
CCNA2,62.47220405353043,57.259926280376504
CCNB1,84.23476115251569,68.04592403413878
CCNB2,20.594525174794523,17.98170392935448
CCNB3,0.1471865024079481,0.20986846742948967
CCNC,39.203022333356785,20.322993991094275
CCND1,530.0267209767658,742.5992294291109
CCND2,73.0543975792739,107.16316339493433
CCND3,14.402740232651649,12.552635226368917
CCNE1,21.72215541255948,49.1898804052287
CCNF,28.580395529121226,40.573129374750984
CCNH,20.447588398807195,10.178250520438025
CCNO,67.4919459677879,139.72653824167307
CDC25A,5.941643185636027,4.978240265557329
CDC25B,95.58414589664726,81.38590439694714
CDC25C,1.986723582567501,1.780739847736655
CDC5L,18.318166722193915,7.51045209333963
CDC6,28.95433215646546,53.79630944325357
CDCA5,29.511946603477302,25.950399255291565
CDK10,62.646984747000836,50.35125386703682
CDK12,11.86116976211502,13.904665135387367
CDK2,167.5169870783694,308.8109615329517
CDK4,365.1939939113608,782.7051999736976
CDK7,5.483489274706193,2.6971880132395323
CDKN1A,325.6896309077127,326.4370037467349
CDKN2A,27.58581359653392,61.02056796487399
CDKN2D,82.16929397987008,72.97879495250227
CDYL,2.4246579886732325,1.1042014376456077
CELF1,23.471304187263197,7.7821213143755035
CENPO,10.439331383854455,5.103581266653432
CETN2,331.70270461353783,217.31032403470388
CHAF1A,13.004860135012269,8.072231372503019
CHEK1,6.67407233746404,4.160888802852552
CHEK2,4.584351434754739,3.2076892282200804
CHERP,58.28097198063417,25.857438481535393
CHRAC1,133.49343504382227,71.5186897202316
CHTF18,35.31742226391294,30.981118791940446
CHTF8,107.38790257746751,38.356678422851225
CIB1,662.6073843379806,490.72997721218263
CIRBP,337.89504599933446,259.3709950116086
CLASP2,5.017877368716211,5.953992967021593
CLK2,43.96779104473594,21.69393393168829
CLSPN,4.461784733813216,4.199332339227973
CNOT1,32.64087944177273,14.125143090573342
CNOT10,6.28758356342097,1.9399056441394664
CNOT2,11.231025864287478,7.695269915371496
CNOT3,61.48076527242678,26.361169331592595
CNOT7,67.44508762233667,27.694379489222502
COPS2,26.900268188982743,11.00962800360831
COPS3,27.988355146933387,11.029398264711695
COPS4,16.423683274661542,6.433141517492997
COPS5,28.334249862302524,13.035480070622297
COPS6,678.1584463111616,358.20166061273363
COPS7A,204.75084333100804,90.8454354312174
COPS7B,25.134353227797096,8.636618406405178
COPS8,63.465332430128946,29.655680898282714
CPSF4,31.04706545308713,16.66340770701246
CREB1,12.021138495522381,4.966702409584657
CRY1,4.325082941558021,2.0090017609954045
CRY2,27.69994227180612,26.108716808437755
CSNK1D,96.70778041299313,35.10887558984899
CSNK1E,20.031491064949922,11.18646702336737
CSNK2A2,13.891920626525664,5.7940208484202165
CTC1,25.42483964877055,14.19633445416596
CTNNBL1,5.069875080581294,3.107077644804401
CUL1,11.849440614359274,3.718990611851863
CUL3,13.02832348119728,3.779936761312859
CUL4A,30.433240479156797,30.00257369119824
CUL4B,29.365390843668937,11.319577993180419
CUL5,7.858574310393436,4.120748097950925
CWC27,1.6875332544701445,0.5644356301558999
CXXC1,165.69687484019875,90.23567950301022
CXorf57,1.4774924719369846,2.4878884870395654
DAXX,4895.071901413076,1628.7268653080098
DAZAP1,68.71308413952174,26.89616449228546
DBF4,6.585410630831819,4.370951733283614
DCLRE1A,15.824610471804494,7.1669069147355655
DCLRE1B,26.597701030117708,13.03439942921808
DCLRE1C,4.708371384924447,3.3207714157692494
DCP2,16.056476156576593,10.03106070234729
DCPS,10.40754414866814,11.146494174806623
DDB1,132.31031036920032,49.57802839488505
DDB2,24.645309646745517,17.278831613720747
DDIT4L,28.318729088666256,97.95907072131564
DDX11,15.248888149813324,10.779866994925904
DDX42,54.093853142845845,16.926562938258108
DDX5,1239.5249223862938,446.67485394450205
DHX35,4.01476094463812,1.7530335605872274
DHX36,16.744714649500285,6.946752649768428
DHX9,73.50869763109748,17.789092886072012
DKC1,106.11397747445464,53.3417602107236
DLGAP5,7.296067554804096,6.5586648080421215
DMAP1,94.61058280824422,62.24541511929964
DMC1,0.33241466171456785,0.46085518266059955
DNA2,2.650218527050853,2.0172665504875837
DNAJC8,35.77296324599493,12.644513369013211
DNMT1,18.272109908092002,10.106301022808792
DNTT,0.8559863154480001,16.25537516465614
DNTTIP1,38.938970050743755,31.429750529333795
DONSON,9.220618725410302,5.298850922482952
DOT1L,12.635817420889968,7.706331518451488
DSCC1,7.755881341162128,5.935617090072994
DUT,81.49588221514387,39.446045459763816
DYRK1A,9.152865439729178,3.47820654209607
EID3,20.744446195212365,28.888067001175703
ELAVL1,38.11636754863885,9.129959211215827
ELL,6.371313607728562,2.3515219281127626
EME1,10.000068005590911,8.785115039777677
EME2,4.325569264667613,4.115472690147677
ENDOV,11.62331041951989,8.55002891285168
ENY2,87.39630199491314,47.83959946213492
EP300,24.442016427945283,11.942107157357427
EPC1,3.6983158610544415,1.882332713801991
ERCC1,15.535673711114702,8.513741700839917
ERCC2,23.619938997873177,13.01421610669501
ERCC3,25.643860739875784,6.607433851912055
ERCC4,7.480563211511034,4.08231453523774
ERCC5,1.3390515884434027,0.8460646779951839
ERCC6,3.2706747028212426,1.783707082950556
ERCC8,1.9388010977829415,0.7847131704118536
EREG,10.317737960554217,40.60630239681158
ESCO1,6.113764787346749,2.6174367572395068
ESCO2,3.097184209830509,3.0910990483350678
ESR1,3.6664287210112088,10.605500039829359
ETAA1,22.98550415229927,9.50451252483969
EXO1,4.1051838928250195,3.74888620070134
EYA1,0.6351745230463991,1.8717386815116572
EYA3,5.419631292018785,2.2737342710269006
FAM175A,2.4505103253478815,1.7952731314508068
FAM35A,5.039658896773387,2.568280003525775
FAN1,13.109670042094352,6.7247597281866405
FANCA,3.8319027323700383,3.248808990453196
FANCB,1.1053846155420328,1.0809609908908244
FANCC,1.4172546957897285,0.9593413435095752
FANCD2,4.845777124500349,3.3575437725956854
FANCE,14.586854971349739,12.347768168497824
FANCF,118.43439538258039,52.5148098667021
FANCG,68.04532808296652,38.78679684438475
FANCI,9.6560251674587,7.065722624221573
FANCL,3.7019268006948067,1.7941007726766836
FANCM,1.9389860208645684,1.2408646871815008
FBXO18,30.43152456731152,9.602599168423401
FBXW7,1.875234933246379,1.451872685808522
FEN1,171.76561443301017,112.40509215165035
FIGNL1,46.34171676475854,27.0887703915311
FKBPL,106.18549461315382,68.8025845837584
FLCN,25.860327987978085,12.553814249831046
FOXM1,53.07157365641208,51.525206414421376
FOXN3,2.714879409796467,1.7667401590453895
FXR1,15.257635685981494,6.875800103092532
FZR1,34.98689334090812,15.499024139156298
GADD45A,259.9536883554182,261.20254258318954
GADD45G,323.0008608551115,845.9870201961498
GAR1,35.06765392010916,17.509517841525973
GATAD1,79.79575287547117,66.09519971892665
GATAD2A,15.555397038057553,6.420428775835034
GEN1,9.780014293547133,6.809500831208446
GMFB,87.00246300825862,52.505443407883504
GPATCH1,5.250462175661152,2.040235488823497
GPS1,358.74261140065795,202.8806871201701
GRB2,38.0411892538804,16.562859330134522
GTF2F1,133.69009156936735,54.48387227114244
GTF2H1,15.64778483633545,5.406920494193255
GTF2H2,5.987661583667862,3.8560972859672664
GTF2H3,9.780062146444058,4.509389590001112
GTF2H4,81.46035257044173,34.44683557670471
GTF2H5,20.57649228252257,11.201894644629226
H2AFX,743.6685435818365,615.1533570225761
H2AFZ,1423.8818642192778,885.7101020614843
HAUS3,18.36134874937806,7.953456477183103
HAUS5,34.3268862019752,18.24684593011659
HELB,1.1626757995565065,1.7598948119192195
HELQ,4.2284251610110175,1.7577796025891517
HERC2,7.132530597765147,3.616403577267987
HES1,532.9811588143323,434.8792751521266
HFM1,0.1094646434005669,0.23046897487916213
HINFP,23.849247161516615,8.614705957006166
HIRA,8.972425526625106,7.032071005625859
HIST1H1B,34.07304894497412,483.1655682460868
HIST1H1C,1955.368684358277,3579.582470252254
HLTF,17.53333466071974,10.13278428399571
HMGB1,18.483656278102767,7.290241615501497
HMGB2,542.271605892629,385.87578940973026
HNRNPU,624.3984352571671,146.5390270677444
HRAS,156.44900782676936,144.79981017755466
HSF1,95.36701787426838,55.89872478352087
HSP90AB1,3120.101484101584,1505.7366572168633
HSPA8,3390.5075912385964,1561.938803159297
HUS1,1.1630460862544838,0.4942410305515857
HUS1B,4.058887936576894,15.80350550081875
HUWE1,37.48323777534199,15.41612907194163
IDH1,101.69354777240422,103.7308477542687
IGF1,4.68394822295203,11.478366208543296
IGHMBP2,10.956490708353135,10.062003266567583
ING4,51.49270647869039,30.3442676106753
INO80,5.450317886197731,1.752468396997774
INO80B,5.971783510670911,5.162330463423055
IP6K3,2.656365375359873,7.673495565144749
JMJD6,39.55871463892346,18.67485804692114
KANSL2,18.596785162018055,6.578598163195934
KANSL3,25.77338746544398,9.527261013717743
KAT2A,183.08124822463503,123.7999296697464
KAT5,82.41360409238699,31.803606480102836
KDM1A,30.119393406840146,14.566142942504175
KDM5A,11.626880833056411,5.7536241774407335
KIF18A,1.6530970527514046,1.3258070715063246
KIF4A,2.5624460566731395,2.0740233128347656
KPNA2,170.60250652594087,123.9969706930622
LCMT1,10.648250956218334,5.649669561709455
LEO1,16.092798760147847,7.5307916577069065
LIG1,15.308993215040497,8.620895968508973
LIG3,26.167116063159405,14.134312904612113
LIG4,24.31386468940129,14.821172274931646
LRRK2,6.569136169054154,16.691992289869162
LRWD1,60.72753104531215,37.13149384471778
MAD2L2,42.222741096669466,30.867291420860173
MAP2K7,79.83857829811406,31.060089454064318
MAPK1,26.813072554730848,14.12973775234088
MAPK14,15.514324568225462,6.726297795333572
MAU2,31.82876862525213,11.557021966396071
MBD4,80.37878924826792,31.264436497635884
MCM10,3.796528789451637,3.652322349815144
MCM6,29.1248540929578,16.62993352314937
MCM8,6.416341237495291,4.482959962105916
MCM9,2.2680801756718103,0.9996592502810532
MCPH1,1.4072790405894386,0.5644203123302106
MCRS1,104.4801822475461,40.66936281839473
MDC1,51.893985205690626,27.650751411240055
MDM2,56.81024515874176,95.0189655028799
MDM4,15.840513528711188,18.571658775123367
MED1,26.02541455062179,31.044512054557536
MEN1,128.14263823898202,47.360789984055224
METAP2,35.738755457084885,11.095738797715384
MGMT,2.2333730660808016,2.7975034118842657
MLH1,8.938112196509444,3.2313220107738996
MLH3,10.942185423640582,5.392690534927799
MMS19,30.92174592540478,10.568040124470823
MMS22L,1.6598462003059242,1.1179932029393091
MNAT1,1.3122788742944809,0.5986707611782162
MND1,1.0912503286752022,1.0183020816640351
MORF4L1,28.56356842988534,11.01788298130556
MPG,121.11600674231225,83.57688111297824
MPHOSPH8,25.187836286450963,10.725617462006449
MRE11A,5.321491928788214,2.799414567790852
MRPL40,182.72099476765285,135.23170070465937
MSH2,4.623139742740835,2.1116274285719747
MSH3,1.741343857362314,0.7748722616327323
MSH4,0.04480641092725346,0.1050244348161509
MSH5,0.09288123822195789,0.1188158337374331
MSH6,11.40193027230604,5.3555184410299335
MSL1,101.72739508020703,82.29234672391755
MTA2,248.46570206282954,90.7342556916345
MTOR,9.759068601064863,4.401560435477812
MUS81,62.51611564428902,21.696201721541613
MUTYH,25.211648783833336,12.988566170890426
MVP,182.40492599550493,155.1549372422676
MYBBP1A,57.44511589121564,29.953371539498832
N6AMT1,16.394224923946307,8.978459738733832
NAA50,88.46913685624628,42.76366591247431
NACC2,10.487749147780217,13.238982117196986
NAE1,11.69163246184122,4.156521091534054
NAP1L4,55.68337989443337,20.736023368158094
NASP,36.60661595153192,18.969236717640158
NBN,18.448040820820246,9.642351062026734
NCAPD2,46.53432207977606,32.66581237975148
NCAPD3,14.872720387554814,43.617723456455515
NCAPG,9.414248725430268,7.648201656599886
NCAPG2,7.597477342840636,4.785746361211094
NDNL2,228.42648952384235,101.60590515587613
NEIL1,27.360851365877465,26.544792948945457
NEIL2,24.669052542808732,17.32004408385499
NEIL3,1.2455066054159631,1.4044349328824708
NEK2,15.915788476420431,14.811618520831749
NFATC2IP,48.85852770895223,19.327304261864096
NFKBIA,863.391000722339,889.7127354776555
NFRKB,22.237537955425694,8.35038641244499
NHEJ1,3.213551192782742,1.957556084953234
NHP2,262.6021817958922,175.64244109057208
NONO,284.3610576871608,86.08761104051271
NOP10,823.3573346627119,499.1103549585819
NPHP1,1.5007892014080362,1.3782366144110192
NPLOC4,27.561694595355227,12.279881905029177
NPM1,197.41259942139877,99.22535952910508
NSD1,9.985926679740817,4.526090647413214
NSMCE1,28.669282180282924,24.214848560014097
NSMCE2,1.4499817642356372,0.8783083373152739
NSMCE4A,25.37382982372572,25.28726994041261
NTHL1,53.25065721558575,55.80176815133606
NUDT1,42.949292493945016,44.06307772361341
NUDT15,45.85223619960843,23.7439053371631
NUDT18,72.46387417410236,58.83904069653333
OBFC1,14.433242269534109,7.801451782085836
OGG1,10.083223906529646,6.19271241067098
OLA1,6.812559763488757,2.9501115213815736
ORC2,7.776436882048945,3.061050828006127
ORC6,18.12115654239577,15.214302742273325
OTUB1,143.61019545432188,71.3195068365227
PALB2,8.351274562224575,3.2644512654630375
PAPD7,15.384975573675732,7.03532936044643
PARG,3.0604851713980543,1.241386280114354
PARP1,59.93661799615629,29.290291024691708
PARP2,29.908770780110956,13.348727545488053
PARP3,76.63797926028609,50.36350851408427
PARP4,20.354951962664767,14.09840374562002
PARPBP,1.6084701041211045,1.3538216941453876
PAXIP1,6.18638719474517,2.6970917913437003
PBRM1,7.943586822119418,4.0489039546948264
PCBP1,3958.9918184322623,1327.2448561912845
PCGF1,83.19524890173989,36.190525425116405
PCNA,154.15358847166408,99.12238772355663
PDCD10,14.162090683568536,8.528890188235517
PDS5A,14.951898909305537,5.785646731664967
PDS5B,4.041941462452389,2.0620619012548937
PER1,104.15440146847727,114.89673753186689
PER2,12.692313580018004,8.651083723408307
PER3,10.915830688581076,9.370409947607282
PFN1,3298.0344539286875,2039.389104397779
PIAS1,3.202932136565605,1.9256247839396516
PIAS2,4.21310159163482,2.5112687862323293
PIAS3,88.29341976412171,58.50678662153034
PIAS4,10.607755158983176,3.7980664365610086
PIF1,9.7417860315828,10.256914466684307
PIH1D1,159.6850692940889,89.0395633909071
PINX1,2.546061893058279,2.1955421938148802
PITPNM1,76.75160893483911,61.48398445174688
PLK3,67.77748727516102,54.18368490433516
PLRG1,65.48715054119636,30.06103095682417
PMS1,3.211593596980904,1.3413733519887807
PMS2,8.082024868255846,3.7844941480489576
PMS2P5,0.8183639380287862,0.551255075719722
PNKP,108.28422254502479,67.15744843799507
POLA1,1.4795554096952865,0.7418423238984408
POLA2,10.34107993257643,5.797047748552583
POLB,14.432276037465746,13.442072509080566
POLD1,22.778161430589755,16.323471366224016
POLD2,231.2011489637472,142.1933177025618
POLD3,2.5238413814139875,1.509102208812676
POLD4,253.43786844610187,287.06933061640973
POLE,15.340051137733319,9.936559449541615
POLE2,2.4882618384624764,1.9157391044548573
POLE3,413.5802798256961,164.7535753910716
POLE4,49.97089466719915,34.40149881586412
POLG,51.64835978386292,23.2549267536473
POLG2,7.941798311882523,4.463042588241518
POLH,13.000371056223404,7.743433612662049
POLI,7.274156538453031,4.961930695828967
POLK,4.459330587972819,2.7991568254033288
POLL,58.46675109412686,27.748396843395675
POLM,43.99527597062754,22.118098853276877
POLN,0.17844951102793513,0.2488337899911623
POLQ,1.516408183082537,1.6301767265965297
POLR2A,159.91225056359968,99.38625094255873
POLR2B,35.72569749419816,12.655061120899218
POLR2C,146.29676393845196,64.37280420703944
POLR2D,45.513225193684555,17.465733535710676
POLR2E,276.4010716185888,148.42064219976544
POLR2F,10.320373610471245,8.937126894981043
POLR2G,224.88275439843434,110.60845709638895
POLR2H,149.23339569144431,96.98006909344767
POLR2I,462.04816588545265,405.0024657646383
POLR2J,167.89965467319044,134.02874085806076
POLR2K,292.24988144950703,179.33341622146077
POLR2L,363.7467397535354,355.2090215389267
POT1,4.608557063060119,2.1129257851539633
PPARG,2.89519833223557,6.003031362798179
PPIE,12.911455376331691,6.424729570218809
PPIL1,33.069318965007305,19.714288455651715
PPP1CA,157.05837220814487,78.3624150282404
PPP1CC,117.65138715232527,38.08802665514811
PPP2CA,84.54191655890227,27.075280952219554
PPP4C,245.01179622582725,140.88387477880798
PPP4R1,24.7316691635072,16.314380713664196
PPP4R2,4.387465748652717,2.290087405625571
PPP4R4,0.3970752970519897,0.9760957917334617
PPP5C,27.402649216189854,10.634068382685577
PPP6C,32.18323383526964,11.01821323715194
PPP6R1,82.88121766474667,42.67338670788959
PPP6R2,13.823670373899768,9.117858641872607
PPP6R3,12.650079009029113,5.544193274852013
PRIM1,7.157912813792137,4.422112498406562
PRKDC,24.152467701242355,15.779076095927186
PRPF19,187.8300110018579,74.09889998617331
PRPF39,14.348497018285032,6.5261850185593175
PSMB6,779.0364733624524,473.1186156054788
PSME3,119.57158806069309,42.04649628983214
PTBP1,356.09639080660594,105.38019147520835
PTEN,10.988023026176194,5.596513947350754
PUF60,280.3911369000633,187.1742982713928
RAD1,36.77182077104942,16.36193447440765
RAD17,9.009839411502954,3.17384177826505
RAD18,1.7490392138949789,0.8382670196349307
RAD21,135.562070312049,78.11707499058545
RAD23A,398.3239297029209,201.7211445489149
RAD23B,76.5038228606501,32.326848461203966
RAD50,13.12383550501183,6.282118533704261
RAD51,4.818286872602633,3.896768597385043
RAD51AP1,8.362886468370704,7.596620327071553
RAD51B,0.1088194839346243,0.09409192195467746
RAD51C,6.650581278831002,3.1703042840003195
RAD51D,7.1077985152932195,3.128633176951743
RAD52,2.3723937695007176,1.5988751503347893
RAD54B,1.3694992704416438,1.032422750224003
RAD54L,7.193617072887422,5.962399059601879
RAD9A,50.76784124727978,32.87842949428857
RAD9B,0.4577174360456578,0.38175827565399045
RASSF7,272.3979805456827,293.2900930933989
RB1,6.900972843806258,4.029179544703821
RBBP8,3.9560755955342826,20.397006809105594
RBM38,59.09496922853747,76.3547836185702
RBX1,50.28836816223015,26.668755781230907
RDM1,1.5028393207730304,1.8615300099616041
RECQL,13.195653005242875,9.459092897210194
RECQL4,93.87398138849412,90.29009646545003
RECQL5,17.144432897183336,9.598817242454135
REV1,7.792961595584974,2.9437490279226037
REV3L,3.665080944876782,3.140070455929643
RFC1,14.505031784488425,5.89872124436005
RFC2,29.028252292631066,13.582869241243184
RFC3,2.3887134348064745,1.6841359876532456
RFC4,26.982026257456415,21.98366387054049
RFC5,20.621919506156992,9.057055508470707
RFWD3,16.97928586893536,7.960602337157282
RIF1,9.317069061560096,6.216176285220692
RMI1,13.076399971583538,6.965844563775759
RMI2,2.982506810225412,2.989743752940321
RNASEH2A,91.10863809243023,72.14690962141458
RNASEH2B,7.872991469132946,4.060923547460969
RNASEH2C,110.8248517721454,91.81151029575486
RNF111,2.493776892686637,1.020338916782258
RNF113A,239.21582360867993,117.91742587989263
RNF168,17.199896770085697,12.517231820850773
RNF169,4.158584074807631,3.493622550066813
RNF4,8.09720661432964,2.369204226140661
RNF8,10.075571666013198,4.1471395925293395
RNMT,23.732852643630117,9.995226608857141
RPA1,26.14155767101441,9.213922355607362
RPA2,35.52979510049165,15.405659132658998
RPA3,3.535649852672272,2.3011922325668674
RPA4,1.7703411881055262,4.341797002715767
RPAIN,40.59326036279751,19.338724453272974
RPRD1B,14.596824642467023,6.7888792704941965
RPRD2,13.480544945873358,6.656429376675408
RPS27L,29.52290417252109,21.695377029016477
RPS6KA6,1.0850918975359554,1.3976870910507242
RREB1,9.298571756921309,5.075354160298123
RRM1,32.52379881429158,16.286641731024428
RRM2,105.22898546882385,102.36812076898148
RRM2B,28.90696574821662,22.161812476645466
RTEL1,1.704258986945334,2.8482350367633895
RUNX1,1.50505250073947,1.605338881378768
RUVBL1,13.263063818010991,6.519348162306666
RUVBL2,93.73857109224531,63.51414150556835
SAMHD1,18.622327703921215,21.02167267754864
SART1,90.50843883567494,44.308005212315436
SCNM1,6.342381706489302,3.470851382412553
SDCBP,112.0390703267765,138.1351132838647
SETD2,10.2643052216545,4.207475062229807
SETDB1,27.38570546773106,11.752754780956572
SETMAR,20.893462896943568,14.793665420911625
SETX,18.243972916099153,9.846431628024943
SF3A2,129.28508743932292,77.26264894578144
SFR1,27.707333850003252,15.096335963401456
SGOL1,4.758077300613717,4.287786179643025
SHFM1,4.553665185499261,3.952456290665126
SHPRH,1.9094782021036907,1.6439916152909682
SIN3B,21.36511452597873,10.8462495313828
SIRT1,14.575222957384561,7.009915729279193
SIRT6,51.23362757284997,30.907247326694254
SLBP,52.16828768058443,24.743161353179264
SLFN11,23.053363483846848,22.172691914810027
SLX1A,0.0,0.0
SLX1B,0.0,0.0
SLX4,8.637536244412178,3.909880760554193
SMAD4,11.863634140731255,5.041517094633842
SMARCA2,11.145924135462268,6.741509532164755
SMARCA4,34.93245777389835,17.3428849145779
SMARCA5,49.311094207747296,18.608093048916242
SMARCAD1,8.371560817116912,3.742082725327255
SMARCAL1,7.465598860988398,2.1736236964690847
SMARCB1,36.54482261958485,15.526063334389063
SMARCC1,13.575787244027016,5.928053897374371
SMARCC2,103.91683815177116,43.18937884279413
SMARCD1,90.47659891697032,32.528372055939236
SMARCE1,82.00274826498624,45.02858542006769
SMC1A,47.1012856540352,20.98040063715426
SMC1B,0.5579448251975733,1.3916417171228859
SMC2,14.260245707056127,9.882178066844311
SMC3,32.6396063941982,13.759935439854928
SMC4,45.42275924108093,33.942952470792086
SMC5,7.338522373192096,3.8803285916997563
SMC6,4.888573187383703,2.505108746364786
SMEK2,24.1487758114014,9.335879951676588
SMG6,4.328197025817076,2.0661749969799037
SMG7,17.824924861821646,5.7859617828727306
SMUG1,25.220620264969547,13.378187113748885
SNAI2,105.13932761325805,164.31922461352357
SNRNP40,19.12344232933279,7.125151929776512
SNRPA,94.74959720120324,49.45594337969621
SNRPB2,62.84982443801892,33.012706761586855
SOD1,459.93259208612056,499.3829003111229
SOD2,52.51147190435872,77.26100617407705
SOX4,727.4488614352111,571.3143940870378
SOX9,383.32631885577473,411.75551449409403
SPO11,0.023003218805602108,0.5549555104075322
SRCAP,63.44535207338569,28.47524548824782
SRSF11,46.060240390203234,18.28422686002832
SRSF12,2.663964276485383,3.308972549736756
SRSF6,547.3865661879984,208.19843186845878
STAG1,1.7992949804165073,0.8278202403032303
STAG2,4.707307476093179,1.942785077655677
STOML2,591.7620413273588,335.99404515895634
STRA13,158.88140615021305,146.54104939059584
SUMO2,144.96386402227787,63.296952839912976
SUMO3,164.07861099405264,66.7480872991221
SUMO4,6.354189605438346,12.291149969915974
SUPT3H,0.2967989500880352,0.1687986458407266
SUPT7L,68.71631873984754,20.289097833944076
SUZ12,14.046660078941972,6.101237815225546
SWI5,31.211778899981308,24.563958043063735
SWSAP1,41.89980730970932,26.090682333225118
TADA1,15.30415435065166,7.881395751968944
TADA2B,45.06483432175647,21.96728803680949
TADA3,152.66930245542105,78.95136125938255
TAF11,57.53607321879423,20.351040623514567
TAF13,15.578837717426387,8.943511964279098
TAF3,1.1116923271102364,0.6303187953552579
TAOK1,11.187864025523082,7.615653524449694
TAOK2,81.33707638049121,33.88192687497024
TCEA1,19.35605271655475,9.160482395546921
TCEB1,23.5100248478533,13.463395573065506
TCEB2,582.0525397688533,556.4397803093226
TCEB3,57.48188150681512,21.76972505365342
TDG,18.34358614702321,8.195003309666758
TDP1,3.997630498625241,1.6157727503280677
TDP2,55.48981812755008,34.19125972766814
TELO2,54.37737106113089,28.514016651343997
TEN1,0.0,0.0
TEP1,16.357427456683443,9.811316091638098
TERF1,8.550480685417632,3.7137072611336968
TERF2,11.626847084025771,4.800763047946448
TERF2IP,13.501840037073187,8.938421674554727
TERT,0.7760735179765732,3.917633956899839
TFDP1,25.32184742206131,28.55560953217797
TFPT,49.709239952665406,47.915057620594446
TGFBR2,26.12077446028241,25.529978842153618
THAP7,172.17016704074013,127.88162419484955
THOC1,8.792809717095695,4.363540824902404
THOC6,171.55256587050096,102.6896971261654
THRAP3,34.745295648066076,10.138389226177262
TIMELESS,27.73906435483654,16.34754945194114
TINF2,327.6003410306072,122.42746991645208
TIPIN,2.266034209718787,1.064120017662793
TIPRL,45.13155884161671,18.98483837938716
TLK2,2.514613471824603,0.8654648522218057
TNKS,4.9082738137782425,3.3494631178238308
TNP1,4.0815631697768495,276.72344212338743
TONSL,33.318873493454134,27.549210920908923
TOP1,21.820433422588135,8.92408040994159
TOP2A,73.18134196012176,80.68202431541155
TOP2B,46.206653711055786,25.342672939105277
TOP3A,10.07257490152942,4.066251710699368
TOP3B,11.123477689236042,5.237737043211638
TOPBP1,14.637915306348207,7.69127220265206
TP53,59.036352279182616,37.40146797648153
TP53BP1,10.826289918301827,4.7278371968352
TP63,5.369472570802384,14.350934719676133
TP73,2.214888306834021,3.492950707135419
TRA2B,104.06177107034024,28.20407314529425
TRAIP,4.724734822776952,3.4765921921919944
TREX1,163.62108461977155,132.3592468191147
TREX2,1.0655683678961734,4.544100418662704
TRIM28,1002.4449318496344,566.1526199888042
TRIM33,8.79336075824491,5.035796820187448
TRIM35,15.842669749419322,8.582155203094963
TRIM37,5.5814420500549335,3.8041496673663584
TRIP12,16.776858149867838,7.155507264030271
TRIP13,14.198321992576703,15.304501198837373
TSC1,14.161038268745571,7.505055718224433
TSC2,46.277651356429,22.681155902124388
TTI1,13.696578972329554,5.612446906894138
TTI2,4.946867440406386,2.127391542232543
TTK,6.891441332031684,6.220847612339567
TYMS,19.15045795293204,17.594980550652853
UBA1,347.59699538207553,184.39099454252027
UBA2,40.653987950553955,20.099359085206256
UBB,7330.653614320774,4205.813033886173
UBC,5190.153904820263,2556.6093574578194
UBD,453.5036260389251,1408.167715390943
UBE2A,138.68273455493664,55.419477394387236
UBE2B,55.416933639283386,28.082301637394334
UBE2C,162.63094402795096,185.07451195086225
UBE2N,41.52306341642123,15.578938447457466
UBE2NL,212.85422828177568,100.05403786405908
UBE2T,32.95058241388865,27.24047495801649
UBE2V1,0.875101957023392,0.46847798314395245
UBE2V2,14.244287017428661,7.313989577489527
UBR5,15.071002975750185,8.484483980369788
UIMC1,3.6385238275200247,1.1357889415128133
UNG,76.06251709952508,36.77199855933421
UPF1,77.35952588750995,27.886133308553948
USP1,62.37309016639662,32.125331859385064
USP37,4.091093644582714,2.3905167015803945
USP7,30.999739039552747,10.80346926279506
USP9X,20.77335280868286,9.501726766289401
UVRAG,1.7538715936517397,1.169446287421121
VCP,415.3912706319281,185.6002905062138
WDHD1,3.1721008378771436,2.276735645475931
WDR48,18.657704282634047,8.437424108963123
WDR83,29.35027660038538,17.47788611536216
WEE1,41.12976461522105,29.1162815706489
WRAP53,15.173395599970851,9.585313880384504
WRN,2.0059462793644967,1.1997384567530718
WWOX,0.25923604502533176,0.22974400748342574
XAB2,141.55947529041373,86.03389085646073
XPA,11.166493837914386,5.743329273510575
XPC,30.143398673535277,16.04522863242698
XRCC1,23.3452424985107,9.809696808068994
XRCC2,2.207417421227704,1.9990277583127147
XRCC3,21.640515628282117,13.70134341926389
XRCC4,0.5716540071204118,0.3212099613469464
XRCC5,60.20266098147231,16.554013557503627
XRCC6,88.14605371269163,33.84044300201053
XRCC6BP1,8.263252797161032,7.459067639441847
XRN1,6.233764320955227,3.9980457860906276
YBX1,262.7365507761537,173.74796664613677
YWHAB,298.14099791211186,120.27413726654076
YWHAE,163.23928827043338,79.86080558000072
YWHAG,143.815236906506,78.85331905164736
ZFYVE19,76.85583368981952,42.512752972286
ZNF207,66.555134330103,17.676836586698855
ZNF451,6.638263447128675,2.970872533816106
ZNHIT1,287.0942075744662,302.63565108984386
ZRANB3,0.2301545883400878,0.12063151860962244
ZSWIM7,13.266531741302646,7.981614356568325
ZWINT,160.34785420589907,119.04982292360631
